service_id,endpoint,http_method,status_code,response_time_ms,severity,category,error_message,stack_trace,request_payload,response_payload,ai_status,created_at,ai_root_cause,ai_fix_recommendation,ai_code_example,ai_confidence,analyzed_at,service_name
101,/auth/login,POST,500,1234,HIGH,AUTH_ERROR,NullPointerException in auth service,Exception stack trace here,{\username\:\test\},{\error\:\server crash\},PENDING,2026-07-05T04:30:00.000Z,,,,,,
102,/payments/create,POST,502,2100,HIGH,PAYMENT_FAILURE,Bad gateway from payment gateway,Gateway timeout stack,{\amount\:500},{\error\:\gateway timeout\},PENDING,2026-07-05T04:35:00.000Z,,,,,,
103,/users/profile,GET,500,800,MEDIUM,USER_SERVICE,Database connection failed,DB pool exhausted,{},{\error\:\db failure\},PENDING,2026-07-05T04:40:00.000Z,,,,,,
104,/orders/list,GET,503,950,MEDIUM,ORDER_SERVICE,Service unavailable,Service crash log,{},{\error\:\service down\},PENDING,2026-07-05T04:45:00.000Z,,,,,,
105,/inventory/check,GET,504,3000,HIGH,INVENTORY_TIMEOUT,Request timed out,Timeout exception stack,{\sku\:\ABC123\},{\error\:\timeout\},PENDING,2026-07-05T04:50:00.000Z,,,,,,
121,/auth/login,post,500,10,low,AUTH_ERROR,NullPointerException in auth service,NullPointerException in auth service,NullPointerException in auth service,NullPointerException in auth service,progress,,,,,,,
121,/auth/login,post,500,10,low,AUTH_ERROR,NullPointerException in auth service,NullPointerException in auth service,NullPointerException in auth service,NullPointerException in auth service,progress,,,,,,,
121,/auth/login,post,500,10,low,AUTH_ERROR,NullPointerException in auth service,NullPointerException in auth service,NullPointerException in auth service,NullPointerException in auth service,progress,,,,,,,
,,,,,,,,,,,PENDING,,,,,,,
,,,,,MEDIUM,INSUFFICIENT_DATA,,,,,COMPLETED,,"Placeholders in the request (service_id, endpoint, error_message, stack_trace) were not substituted with actual values. No concrete error details were provided, so the specific root cause cannot be determined from the input.","1) Re-run the report with the real values for service_id, endpoint, error_message and full stack_trace. 2) Include the failing request payload, headers (sanitized), and exact service version or commit id. 3) Reproduce the error locally or in an isolated environment while capturing debug logs. 4) Enable debug logging around the failing component and capture thread dumps if this is a JVM hang. 5) If this is an uncaught exception, add structured error handling that logs exception.getMessage() and the full stack trace, and map to an appropriate HTTP status for clearer diagnostics.","import org.slf4j.Logger;
import org.slf4j.LoggerFactory;
import org.apache.commons.lang3.exception.ExceptionUtils;

private static final Logger logger = LoggerFactory.getLogger(MyService.class);

public ResponseEntity<Map<String,Object>> handleRequest(Request req) {
    try {
        // call into business logic
        return ResponseEntity.ok(service.doWork(req));
    } catch (Exception e) {
        // Log with full stacktrace and root cause message
        logger.error(""Unhandled error in serviceId={} endpoint={}: {}"", ""<SERVICE_ID>"", ""<ENDPOINT>"", e.toString(), e);
        String rootCause = ExceptionUtils.getRootCauseMessage(e);
        Map<String,Object> body = Map.of(
            ""error"", ""internal_error"",
            ""message"", rootCause != null ? rootCause : e.getMessage()
        );
        return ResponseEntity.status(HttpStatus.INTERNAL_SERVER_ERROR).body(body);
    }
}

// When reporting issues, paste the exact error_message and full stack_trace captured above.",0,,
0,,,0,0,MEDIUM,insufficient-data / diagnostic,,,,,COMPLETED,,"Template variables were not substituted: service_id, endpoint, error_message, and stack_trace are not provided. Unable to determine a specific root cause from the provided input.","1) Re-run the report with actual values substituted for service_id, endpoint, error_message, and full stack_trace.
2) Collect the full, untruncated stack trace and the exact request that caused the failure (HTTP method, URL, headers, body, timestamp, and any correlation/request ID).
3) Correlate the timestamp with service logs (application, ingress/load‑balancer, and platform logs) and recent deployments/config changes.
4) Identify the exception type and top stack frames that reference your codebase; start troubleshooting there (null checks, resource/timeouts, external dependency failures).
5) If the error is transient, reproduce with a load test or curl; if deterministic, attach a minimal request that reproduces it.
6) Add/enable structured logging around the failing endpoint, increase log level temporarily, and capture relevant metrics (latency, error rate, downstream errors, DB connections).
7) Implement or verify existing proper exception handling (map exceptions to safe HTTP responses) and add defensive checks (null guards, timeouts, retry/backoff where appropriate).","/* Example: add logging and a global exception handler in a Spring Boot microservice */

// Controller-level logging and defensive check
@GetMapping(""/example"")
public ResponseEntity<String> exampleEndpoint(@RequestParam(required = false) String id) {
    if (id == null || id.isBlank()) {
        log.warn(""exampleEndpoint called with missing id"");
        return ResponseEntity.badRequest().body(""missing id"");
    }
    try {
        // business logic
        return ResponseEntity.ok(service.doWork(id));
    } catch (SpecificDependencyException ex) {
        log.error(""Dependency failure calling doWork for id={}"", id, ex);
        throw new ResponseStatusException(HttpStatus.SERVICE_UNAVAILABLE, ""downstream error"", ex);
    } catch (Exception ex) {
        log.error(""Unhandled error in exampleEndpoint for id={}"", id, ex);
        throw new ResponseStatusException(HttpStatus.INTERNAL_SERVER_ERROR, ""internal error"", ex);
    }
}

// Global handler to ensure stack traces are logged and minimal info returned to clients
@ControllerAdvice
public class GlobalExceptionHandler {
    private static final Logger log = LoggerFactory.getLogger(GlobalExceptionHandler.class);

    @ExceptionHandler(Exception.class)
    public ResponseEntity<Map<String,Object>> handleAll(Exception ex, WebRequest request) {
        log.error(""Unhandled exception at {}: {}"", request.getDescription(false), ex);
        Map<String,Object> body = Map.of(
            ""error"", ""internal_error"",
            ""message"", ""An internal error occurred"",
            ""timestamp"", Instant.now().toString()
        );
        return ResponseEntity.status(HttpStatus.INTERNAL_SERVER_ERROR).body(body);
    }
}

// Ensure you have MDC/correlation id for tracing across services:
MDC.put(""requestId"", incomingHeaderValue);
// and include it in logs to correlate with platform logs.",0.25,,
0,,,0,0,MEDIUM,Templating / Observability,,,,,COMPLETED,,"The provided payload contains unresolved template placeholders (e.g. ""{{$json.service_id}}"", ""{{$json.error_message}}"", ""{{$json.stack_trace}}"") instead of real values. Because no actual error message or stack trace was supplied, a concrete technical root cause cannot be determined.","1) Ensure the client or templating engine resolves and sends real values for service_id, endpoint, error_message, and stack_trace before analysis. 2) If this payload is produced by a front-end or a connector (e.g., n8n/Node-RED/Templating service), fix the template binding so it emits actual fields. 3) Add defensive validation: return HTTP 400 if required fields are missing and log a clear diagnostic. 4) If you intended to redact sensitive fields, provide a minimal reproducible sanitized error and a short stack trace instead of placeholders.","Example payload you should send:
{
  ""service_id"": ""orders-api"",
  ""endpoint"": ""/v1/orders"",
  ""error_message"": ""NullPointerException: Cannot read property 'id' of null"",
  ""stack_trace"": ""java.lang.NullPointerException\n\tat com.example.orders.OrderService.create(OrderService.java:42)\n\tat com.example.orders.OrderController.post(OrderController.java:28)""
}

Curl to submit for analysis (example):
curl -X POST https://analysis.example/api/analyze -H 'Content-Type: application/json' -d '{""service_id"":""orders-api"",""endpoint"":""/v1/orders"",""error_message"":""NullPointerException ..."",""stack_trace"":""stacktrace here""}'",0.9,,
,,,,,MEDIUM,templating/configuration/observability,,,,,COMPLETED,2026-07-06T07:35:48.807Z,"The failure report contains unsubstituted template placeholders (e.g. ""{{$json.service_id}}"", ""{{$json.error_message}}"", etc.) instead of real values. This indicates the templating/rendering step that should replace those placeholders with runtime data did not run or was given an empty/incorrect context, so no actual error details or stack trace were provided for analysis.","1) Fix the template rendering pipeline: ensure the templating engine receives the correct JSON context before rendering. 2) Validate rendered output before publishing/forwarding: reject or log and alert if placeholders remain. 3) Add defensive instrumentation: if rendered fields are empty or contain placeholder patterns, include the raw JSON payload and an indicator that rendering failed. 4) Add tests for the templating integration and monitor the templating service for errors/timeouts. 5) If this report was generated by another microservice, add a contract check (schema validation) to enforce required fields.","/* Example Java checks: detect unsubstituted placeholders and fallback to raw payload */
import com.fasterxml.jackson.databind.JsonNode;
import com.fasterxml.jackson.databind.ObjectMapper;

ObjectMapper mapper = new ObjectMapper();
String renderedReport = getRenderedReport(); // rendered string that should contain actual values

// detect placeholder pattern like {{$json.xxx}}
if (renderedReport != null && renderedReport.matches("".*\\{\\{\\$json\\.[^}]+\\}\\}.*"")) {
    // Log and alert, attach raw payload for debugging
    logger.error(""Report contains unsubstituted template placeholders. Attaching raw payload for investigation.\nRendered:\n{}"", renderedReport);
    String rawPayload = getTemplateContextJson(); // fetch original context or raw event
    logger.debug(""Template context: {}"", rawPayload);
    // Optionally return a 5xx or 4xx to the caller depending on contract
}

// Example robust extraction from JSON context instead of relying on rendered string
JsonNode ctx = mapper.readTree(getTemplateContextJson());
String serviceId = ctx.path(""service_id"").asText(null);
String errorMessage = ctx.path(""error_message"").asText(null);
String stackTrace = ctx.path(""stack_trace"").asText(null);
if (serviceId == null || errorMessage == null) {
    logger.warn(""Missing required fields in template context: {}"", ctx);
}
",0.9,2026-07-06T07:36:09.440Z,
,,,,,MEDIUM,insufficient_data,,,,,COMPLETED,2026-07-06T07:41:27.304Z,"Provided input contains unresolved template placeholders (e.g. ""{{$json.service_id}}"", ""{{$json.stack_trace}}"") instead of actual runtime values. Without the real error message and stack trace, a deterministic root-cause analysis is not possible.","1) Replace the placeholders with the actual values for service_id, endpoint, error_message, and full stack_trace and resubmit the failure details.
2) In the service, ensure structured logging and correlation IDs are emitted so future incidents include service name, endpoint, request id, and full stack traces. Example: add a Request-Id header, store in MDC, and log it with errors.
3) Add a centralized exception handler (e.g. Spring @RestControllerAdvice) that logs the full stack trace and returns a standard error payload with an error id to correlate logs and client reports.
4) If this is intermittent, capture request payload, headers, and environment (JVM version, GC, memory) and attach them to the incident.","/* Spring Boot centralized exception handler that logs full stack trace and returns an error id */
import org.slf4j.Logger;
import org.slf4j.LoggerFactory;
import org.slf4j.MDC;
import org.springframework.http.HttpStatus;
import org.springframework.http.ResponseEntity;
import org.springframework.web.bind.annotation.ControllerAdvice;
import org.springframework.web.bind.annotation.ExceptionHandler;
import java.io.PrintWriter;
import java.io.StringWriter;
import java.util.UUID;

@ControllerAdvice
public class GlobalExceptionHandler {
    private static final Logger logger = LoggerFactory.getLogger(GlobalExceptionHandler.class);

    @ExceptionHandler(Exception.class)
    public ResponseEntity<Object> handleAll(Exception ex) {
        // create a correlation id for this failure
        String errorId = UUID.randomUUID().toString();
        MDC.put(""errorId"", errorId);

        // capture full stack trace
        StringWriter sw = new StringWriter();
        ex.printStackTrace(new PrintWriter(sw));
        String fullTrace = sw.toString();

        // log structured message including correlation id
        logger.error(""Unhandled exception (errorId={}) - message: {}\nstack: {}"",
                     errorId, ex.getMessage(), fullTrace);

        MDC.remove(""errorId"");

        // return minimal info to client with error id to correlate logs
        return ResponseEntity.status(HttpStatus.INTERNAL_SERVER_ERROR)
                .body(Map.of(""errorId"", errorId, ""message"", ""internal server error""));
    }
}",0,2026-07-06T07:41:45.656Z,
,,,,,LOW,insufficient_data,,,,,COMPLETED,2026-07-06T07:48:02.991Z,"Insufficient input: provided placeholders appear unchanged or empty. Cannot determine specific root cause without the actual service_id, endpoint, error_message, and stack_trace.","1) Re-run and capture the real values for service_id, endpoint, error_message, and full stack_trace. 2) Enable DEBUG logging for the service and correlationId propagation, reproduce the failure and collect logs. 3) Check common failure classes: NullPointerException (inspect null checks and initialization), Timeout/Socket errors (verify network, timeouts, thread pool exhaustion), Dependency failures (DB, downstream service), ClassNotFound/NoSuchMethod (deployment mismatch). 4) Add centralized exception logging with request contextual data (traceId, user, payload) and return structured errors. 5) If transient network errors, add retries with exponential backoff and circuit breaker. 6) After root cause identification, implement targeted fix, add unit/integration tests, and deploy behind feature flag if risky.","/* Spring Boot example: centralized exception handler that logs full stack trace and returns structured error with traceId */

import org.slf4j.Logger;
import org.slf4j.LoggerFactory;
import org.springframework.http.HttpStatus;
import org.springframework.http.ResponseEntity;
import org.springframework.web.bind.annotation.ControllerAdvice;
import org.springframework.web.bind.annotation.ExceptionHandler;
import javax.servlet.http.HttpServletRequest;
import java.util.UUID;

@ControllerAdvice
public class GlobalExceptionHandler {
    private static final Logger log = LoggerFactory.getLogger(GlobalExceptionHandler.class);

    @ExceptionHandler(Exception.class)
    public ResponseEntity<ErrorResponse> handleAll(Exception ex, HttpServletRequest req) {
        String traceId = req.getHeader(""X-Trace-Id"");
        if (traceId == null) traceId = UUID.randomUUID().toString();

        // Log full stack trace and contextual request info
        log.error(""Unhandled exception: traceId={} service={} path={} method={} message={}"",
                traceId,
                req.getServerName(),
                req.getRequestURI(),
                req.getMethod(),
                ex.getMessage(),
                ex);

        ErrorResponse body = new ErrorResponse(""internal_error"", ""An internal error occurred"", traceId);
        return new ResponseEntity<>(body, HttpStatus.INTERNAL_SERVER_ERROR);
    }

    public static class ErrorResponse {
        public String code;
        public String message;
        public String traceId;

        public ErrorResponse(String code, String message, String traceId) {
            this.code = code;
            this.message = message;
            this.traceId = traceId;
        }
    }
}

/* Use this pattern to capture full stack traces and supply traceId/stack to ops when asking for analysis. Also ensure logs contain service_id and endpoint info. */",0.1,2026-07-06T07:48:26.769Z,
,,,,,LOW,INSUFFICIENT_INPUT,,,,,COMPLETED,2026-07-06T10:11:39.615Z,"The provided input appears to contain unresolved template placeholders (e.g. ""{{$json.service_id}}"", ""{{$json.endpoint}}"", ""{{$json.error_message}}"", ""{{$json.stack_trace}}"") instead of real values. Because the actual service id, endpoint, error message and stack trace were not supplied, a definitive root-cause analysis is not possible.","Resend the failure report with the actual expanded values (service id, endpoint, full error message, and complete stack trace). If these placeholders are coming from a templating/rendering pipeline, ensure templates are rendered before sending. Meanwhile, add defensive checks in the reporting/ingestion code to validate required fields and reject or log clearly when placeholders are detected. Also: 1) capture and attach correlation IDs, request payloads (sanitized), and timestamps; 2) enable structured logging for exceptions; 3) if this is a CI/CD/template issue, fix the rendering step so templates are not sent raw.","/* Example: validate incoming failure report and log helpful data (Java, SLF4J) */
import org.slf4j.Logger;
import org.slf4j.LoggerFactory;

public class FailureReportHandler {
    private static final Logger log = LoggerFactory.getLogger(FailureReportHandler.class);

    public void handleReport(String serviceId, String endpoint, String errorMessage, String stackTrace) {
        if (isPlaceholder(serviceId) || isPlaceholder(endpoint) || isPlaceholder(errorMessage) || isPlaceholder(stackTrace)) {
            log.warn(""Received failure report with unresolved placeholders. serviceId={}, endpoint={}"", serviceId, endpoint);
            // reject or return a helpful error to the sender
            return;
        }

        // Normal processing: persist or forward the report, attach correlation id
        log.error(""Failure report received for service={} endpoint={} error={}\nstackTrace={}"",
                  serviceId, endpoint, errorMessage, stackTrace);
    }

    private boolean isPlaceholder(String s) {
        return s == null || s.isEmpty() || s.contains(""{{$json."") || s.matches(""\\{\\{.+\\}\\}"");
    }
}

/* Example: capturing an exception's stack trace to string */
import java.io.StringWriter;
import java.io.PrintWriter;

public static String stackTraceToString(Throwable t) {
    StringWriter sw = new StringWriter();
    t.printStackTrace(new PrintWriter(sw));
    return sw.toString();
}
",0,2026-07-06T10:11:54.065Z,
,,,,,MEDIUM,UNKNOWN,,,,,COMPLETED,2026-07-06T10:13:42.919Z,"Insufficient input provided (service_id, endpoint, error_message, stack_trace were not supplied). Unable to determine a specific root cause. Common root causes for API failures in Java microservices include: NullPointerException from missing inputs, downstream dependency failures (DB, message broker, auth), network/timeouts, misconfiguration (wrong URLs/credentials), classpath or version mismatches, or resource exhaustion (threads/heap).","1) Provide the full error_message and complete stack_trace and the failing request (payload, headers). 2) Inspect the top-most application stack frames in the stack trace to identify the exception type and originating class/method. 3) Reproduce the failure locally or in a staging environment with identical inputs. 4) Check connectivity to downstream systems (DB, caches, auth, external APIs) and validate credentials/URLs. 5) Enable DEBUG logs around the failing component and add a correlation id (MDC) to trace the request path. 6) If it's a timeout or transient downstream failure, introduce retries with exponential backoff and a circuit breaker (Resilience4j). 7) If it is an NPE or input validation error, add robust validation and null checks / optional handling. 8) If caused by configuration or classpath/version mismatch, reconcile versions and review startup logs. 9) After fix, add an automated integration test that reproduces the failure and CI gating.","/* Example: add global exception handling and structured logging in a Spring Boot microservice */

// Global exception handler
import org.springframework.http.ResponseEntity;
import org.springframework.web.bind.annotation.ControllerAdvice;
import org.springframework.web.bind.annotation.ExceptionHandler;
import org.slf4j.Logger;
import org.slf4j.LoggerFactory;

@ControllerAdvice
public class GlobalExceptionHandler {
    private static final Logger log = LoggerFactory.getLogger(GlobalExceptionHandler.class);

    @ExceptionHandler(Exception.class)
    public ResponseEntity<String> handleException(Exception ex) {
        // log with stack trace and correlation id (MDC)
        log.error(""Unhandled exception processing request"", ex);
        return ResponseEntity.status(500).body(""internal server error"");
    }
}

/* Example: Resilience4j retry + circuit breaker for a downstream call */
// Configure a Retry and CircuitBreaker in your service client and wrap calls to external services
// This reduces transient failures and protects the service from cascading errors.",0.2,2026-07-06T10:14:02.168Z,
,,,,,,,,,,,PENDING,2026-07-06T10:20:32.301Z,,,,0,,
,,,,,LOW,insufficient-data,,,,,COMPLETED,2026-07-06T10:22:26.040Z,"Input appears to contain unexpanded placeholders (e.g. {{$json.service_id}}, {{$json.error_message}}, {{$json.stack_trace}}). No concrete error message or stack trace was provided, so a deterministic root-cause analysis is not possible.","Provide the actual values for service_id, endpoint, error_message, and full stack_trace. Also include: 1) the request payload and headers (if possible), 2) recent deployment or configuration changes, 3) relevant service logs around the error timestamp, 4) whether the issue is reproducible and steps to reproduce, and 5) JVM and dependency versions. While gathering data, reproduce the failure in a non-prod environment, enable debug logging for the failing package, and add correlation IDs to trace the request across services.","/* Example: robust exception handling and logging in a Spring Boot microservice */

// 1) Controller-level try/catch (for quick fixes):
try {
    // call service -> may throw
} catch (Exception ex) {
    log.error(""Service={} endpoint={} - unexpected error: {}"", serviceId, endpoint, ex.getMessage(), ex);
    throw ex; // or return an appropriate error response
}

// 2) Recommended: Global exception handler using @ControllerAdvice

import org.springframework.http.HttpStatus;
import org.springframework.http.ResponseEntity;
import org.springframework.web.bind.annotation.ControllerAdvice;
import org.springframework.web.bind.annotation.ExceptionHandler;

@ControllerAdvice
public class GlobalExceptionHandler {
    private static final Logger log = LoggerFactory.getLogger(GlobalExceptionHandler.class);

    @ExceptionHandler(Exception.class)
    public ResponseEntity<ErrorDto> handleAll(Exception ex) {
        // log full stack trace with contextual info
        log.error(""Unhandled exception: {}"", ex.getMessage(), ex);

        ErrorDto body = new ErrorDto(""INTERNAL_ERROR"", ""An internal error occurred"");
        return ResponseEntity.status(HttpStatus.INTERNAL_SERVER_ERROR).body(body);
    }
}

// 3) Ensure you capture the stack trace string if you need to send it to an external system
import java.io.StringWriter;
import java.io.PrintWriter;

public String stackTraceToString(Throwable t) {
    StringWriter sw = new StringWriter();
    t.printStackTrace(new PrintWriter(sw));
    return sw.toString();
}

/* Use structured logging (JSON) and include correlation IDs to make postmortems easier. */",0,2026-07-06T10:22:40.086Z,
,,,,,MEDIUM,Template Rendering / Logging,,,,,COMPLETED,2026-07-06T10:23:54.798Z,"The input contains literal unresolved template placeholders (e.g. ""{{$json.service_id}}"", ""{{$json.endpoint}}"", etc.). This indicates the template interpolation step did not run (or failed) before the payload was sent to/logged by the service, so diagnostic fields are missing and the stack trace/error context are unavailable.","1) Fix the template rendering/ingestion pipeline so variables are substituted before emitting logs/alerts. 2) Add validation at the producer: fail-fast if any ""{{$...}}"" placeholders remain (reject or alert). 3) Add defensive validation at the consumer/service: detect unresolved placeholders and surface an explanatory error; avoid treating them as valid values. 4) Add unit/integration tests to cover telemetry/log formatting and end-to-end template population. 5) Add monitoring/alerting on a high rate of unresolved placeholders or on missing critical fields.","import com.fasterxml.jackson.databind.JsonNode;
import com.fasterxml.jackson.databind.ObjectMapper;
import java.util.regex.Pattern;

public class PayloadValidator {
    private static final Pattern UNRESOLVED_PLACEHOLDER = Pattern.compile(""\\{\\{\\$json\\.[^}]+\\}\\}"");
    private static final ObjectMapper MAPPER = new ObjectMapper();

    public static JsonNode validateAndParse(String payload) throws Exception {
        if (payload == null || payload.isBlank()) {
            throw new IllegalArgumentException(""Empty payload"");
        }

        if (UNRESOLVED_PLACEHOLDER.matcher(payload).find()) {
            // Log context and fail-fast so upstream systems see the instrumentation problem
            // Replace with application logger as appropriate
            System.err.println(""ERROR: Unresolved template placeholders detected in payload: "" + payload);
            throw new IllegalArgumentException(""Unresolved template placeholders in payload"");
        }

        // Safe to parse
        return MAPPER.readTree(payload);
    }
}

// Usage: call validateAndParse before relying on extracted fields; this surfaces templating failures early.",0.4,2026-07-06T10:24:13.452Z,
,,,,,LOW,insufficient_data,,,,,COMPLETED,2026-07-06T10:29:40.910Z,"The supplied payload contains unresolved template placeholders (e.g. ""{{$json.service_id}}"", ""{{$json.error_message}}"", ""{{$json.stack_trace}}"") instead of actual runtime values. Because no real error message or stack trace was provided, a definitive root cause cannot be determined from this input.","Resend the diagnostic with actual substituted values: service identifier, endpoint, full error message and the complete stack trace. If you must redact sensitive data, provide a minimally redacted but structurally accurate stack trace (top 10 frames) and the exact exception type and message. Meanwhile, perform these generic checks: 1) search logs for the given timestamp and correlated request id; 2) verify JVM OOM, GC logs, and thread dumps if high CPU or latency; 3) check connectivity to downstream services/databases and timeouts; 4) inspect recent deployments/dependency changes and configuration (env vars, connection strings); 5) reproduce locally with the same request payload and headers.","/* Example: capture root cause, log with context, return safe error to client */
import org.apache.logging.log4j.LogManager;
import org.apache.logging.log4j.Logger;
import org.apache.commons.lang3.exception.ExceptionUtils;

private static final Logger log = LogManager.getLogger(MyService.class);

public ResponseEntity<Object> handleRequest(Request req) {
    try {
        // service logic
    } catch (Exception e) {
        String root = ExceptionUtils.getRootCauseMessage(e);
        String stack = ExceptionUtils.getStackTrace(e);
        log.error(""ServiceId={}, endpoint={}, errorType={}, rootCause={}"",
                  ""<SERVICE_ID>"", req.getPath(), e.getClass().getName(), root);
        // optionally send stack to secure error-collector, not to client
        secureErrorCollector.capture(e, Map.of(""service"", ""<SERVICE_ID>"", ""endpoint"", req.getPath()));
        return ResponseEntity.status(HttpStatus.INTERNAL_SERVER_ERROR)
                             .body(Map.of(""error"", ""internal_error"", ""id"", UUID.randomUUID().toString()));
    }
}
",10,2026-07-06T10:29:57.888Z,
,,,,,MEDIUM,{{$json.category}},,,,,COMPLETED,2026-07-06T10:31:01.780Z,"Cannot determine a single root cause from the provided placeholders. Based on the HTTP status code ({{$json.status_code}}) and the stack trace ({{$json.stack_trace}}) the most likely causes are:
- 5xx: unhandled server exception (NullPointerException, IllegalStateException, database connectivity/timeouts, serialization errors) inside the service code or dependencies.
- 4xx: client-side/contract issues (invalid/missing fields, schema mismatch, authentication/authorization failure, payload too large).
- Network/timeout: downstream service timeouts or circuit-breaker tripping if response_time_ms ({{$json.response_time_ms}}) is high.
Use the exact stack trace and request/response payloads to pinpoint the failing class and line.","1) Reproduce: replay the failing request ({{$json.request_payload}}) against the same service version and environment mentioned in created_at ({{$json.created_at}}).
2) Inspect full logs correlated by request id or timestamp; find the exact exception and stack frame referenced in {{$json.stack_trace}}.
3) If 5xx: add/verify null checks, defensive programming, and handle expected checked exceptions from downstream calls; close resources.
4) If 4xx: validate incoming payloads with @Valid and javax/hibernate validators and return clear error messages.
5) Add centralized exception handling (ControllerAdvice) to normalize error responses and avoid leaking internals.
6) Harden downstream calls with timeouts, retries with backoff, and circuit breakers; add metrics/alerts on increased latency or error rate.
7) Add unit/integration tests for the failing code path and add a contract test for the API schema.
8) Deploy fix to a canary/staging environment, validate with the same request, then promote to production.","/* Centralized error handling (Spring Boot example) */
@ControllerAdvice
public class GlobalExceptionHandler {
    private static final Logger log = LoggerFactory.getLogger(GlobalExceptionHandler.class);

    @ExceptionHandler(Exception.class)
    public ResponseEntity<Map<String,Object>> handleAll(Exception ex, WebRequest req) {
        log.error(""Unhandled exception processing request"", ex);
        Map<String,Object> body = new HashMap<>();
        body.put(""error"", ""internal_error"");
        body.put(""message"", ex.getMessage());
        body.put(""timestamp"", Instant.now().toString());
        return ResponseEntity.status(HttpStatus.INTERNAL_SERVER_ERROR).body(body);
    }

    @ExceptionHandler(MethodArgumentNotValidException.class)
    public ResponseEntity<Map<String,Object>> handleValidation(MethodArgumentNotValidException ex) {
        Map<String,Object> body = new HashMap<>();
        body.put(""error"", ""invalid_request"");
        String details = ex.getBindingResult().getFieldErrors().stream()
            .map(fe -> fe.getField() + "": "" + fe.getDefaultMessage())
            .collect(Collectors.joining("", ""));
        body.put(""message"", details);
        return ResponseEntity.status(HttpStatus.BAD_REQUEST).body(body);
    }
}

/* Defensive programming example when calling a downstream service */
try {
    String response = downstreamClient.call(payload);
    // validate response not null, parse safely
} catch (TimeoutException te) {
    log.warn(""Downstream timeout"", te);
    // return 504 or retry depending on business rules
} catch (Exception e) {
    log.error(""Unexpected error"", e);
    throw e; // will be handled by ControllerAdvice
}
",40,2026-07-06T10:31:26.704Z,
,,,,,LOW,observability,,,,,COMPLETED,2026-07-06T17:12:09.131Z,"The provided report contains unreplaced template variables (e.g. '{{$json.service_id}}', '{{$json.error_message}}') so the actual runtime values (status code, stack trace, payloads) are not available. Because of that, a precise root cause of the API failure cannot be determined from this submission. The immediate issue appears to be in the alerting/templating pipeline rather than necessarily the microservice itself.","1) Fix the alerting/templating configuration so all {{$json.*}} variables are populated before sending diagnostics. 2) Re-send the complete, resolved failure report including actual status code, full stack trace, request and response payloads, and timestamps. 3) Meanwhile enable structured error logging on the service (include exception type, full stack trace, request id, HTTP method/URL, payload sizes and downstream call durations). 4) If you see a recurring error after you resend data, collect a thread dump, GC logs and recent dependency health (DB, cache) for deeper analysis.","/* Example: Spring Boot ControllerAdvice to log and emit structured error details */
import org.springframework.http.ResponseEntity;
import org.springframework.web.bind.annotation.ControllerAdvice;
import org.springframework.web.bind.annotation.ExceptionHandler;
import org.slf4j.Logger;
import org.slf4j.LoggerFactory;

@ControllerAdvice
public class GlobalExceptionHandler {
    private static final Logger log = LoggerFactory.getLogger(GlobalExceptionHandler.class);

    @ExceptionHandler(Exception.class)
    public ResponseEntity<Object> handleAll(Exception ex, HttpServletRequest req) {
        String requestId = req.getHeader(""X-Request-Id"");
        log.error(""Unhandled exception. requestId={} path={} method={} payload={}"",
                  requestId, req.getRequestURI(), req.getMethod(), extractPayload(req), ex);
        Map<String,Object> body = Map.of(
            ""error"", ex.getClass().getName(),
            ""message"", ex.getMessage(),
            ""requestId"", requestId
        );
        return ResponseEntity.status(HttpStatus.INTERNAL_SERVER_ERROR).body(body);
    }

    private String extractPayload(HttpServletRequest req) {
        // implement safe payload extraction (limiting size / redacting PII)
        return ""<payload-snipped>"";
    }
}
",0.15,2026-07-06T17:12:25.950Z,
,,,,,,,,,,,PENDING,2026-07-06T17:38:45.767Z,,,,0,,
,,,,,MEDIUM,INSUFFICIENT_DATA,,,,,COMPLETED,2026-07-06T17:40:54.517Z,"Insufficient information: the provided inputs appear to be template placeholders (not expanded). Cannot determine a definitive root cause. Common root causes for API failures include: null pointer or unhandled runtime exceptions, input schema/validation mismatches, serialization/deserialization errors, downstream service timeouts or 5xx responses, resource exhaustion (threads/DB connections), and configuration errors (wrong URLs/credentials).","1) Re-submit the full, expanded event with concrete values (stack trace, request/response, status code, timing). 2) Inspect the top frames of the stack trace to find the originating class/method and line. 3) Reproduce locally with the provided request payload. 4) Add or review structured logging around ingress, serialization, downstream calls, and exception handlers. 5) Validate incoming payloads with javax.validation and return meaningful 4xx responses for bad input. 6) Ensure timeouts, retries, and circuit breakers are configured for downstream calls. 7) Add defensive null checks and handle known checked exceptions. 8) Run load/timeout tests if failure is intermittent. 9) Deploy a fix behind feature flags and monitor metrics/logs.","/* Example: controller-level validation and robust error handling */
@RestController
@RequestMapping(""/api"")
public class MyController {
    private static final Logger LOG = LoggerFactory.getLogger(MyController.class);

    @PostMapping(""/doSomething"")
    public ResponseEntity<?> doSomething(@Valid @RequestBody MyRequest req) {
        try {
            ServiceResult res = myService.process(req);
            return ResponseEntity.ok(res);
        } catch (IllegalArgumentException ex) {
            LOG.warn(""Bad request payload: {}"", ex.getMessage(), ex);
            return ResponseEntity.badRequest().body(Map.of(""error"", ex.getMessage()));
        } catch (TimeoutException ex) {
            LOG.error(""Downstream timeout"", ex);
            return ResponseEntity.status(HttpStatus.GATEWAY_TIMEOUT).body(Map.of(""error"", ""downstream timeout""));
        } catch (Exception ex) {
            LOG.error(""Unexpected error while processing request: {}"", ex.getMessage(), ex);
            return ResponseEntity.status(HttpStatus.INTERNAL_SERVER_ERROR).body(Map.of(""error"", ""internal error""));
        }
    }
}

/* Use @Valid on DTOs and add meaningful constraint annotations to fail fast on malformed input. */",20,2026-07-06T17:41:10.565Z,
,,,,,,,,,,,PENDING,2026-07-06T17:49:23.013Z,,,,0,,
27,/posts/999999,GET,404,,CRITICAL,Runtime/Dependency,Upstream call failed with HTTP 404,"com.example.faillogger.exception.UpstreamApiException: Upstream call failed with HTTP 404
	at com.example.faillogger.service.FreeApiClient.handle(FreeApiClient.java:78)
	at com.example.faillogger.service.FreeApiClient.get(FreeApiClient.java:49)
	at com.example.faillogger.Main.callAndReport(Main.java:96)
	at com.example.faillogger.Main.main(Main.java:45)
",,,COMPLETED,2026-07-06T17:53:09.371Z,"Insufficient information in the provided payload to determine a single definitive root cause. Common likely causes for API failures include: input validation errors (bad/missing fields -> 4xx), NullPointerException or other runtime exceptions in service code, downstream dependency failures or timeouts (DB / HTTP -> 5xx/504), authentication/authorization failures (401/403), or serialization/deserialization errors.","1) Inspect the full stack trace and correlate timestamp with logs to identify the failing class/method and the exact exception.
2) Reproduce the failure locally or in a staging environment using the reported request payload.
3) Validate inputs at controller boundary (use @Valid and explicit null checks). Return clear 4xx for bad input.
4) Harden code against nulls and unchecked casts; add defensive validation and unit tests for edge cases.
5) If failure is from downstream dependency, add timeouts, retries with backoff, and a circuit breaker (Resilience4j). Fail fast and return meaningful errors.
6) Add structured logging and correlation IDs to follow requests across services. Monitor error rates and latencies.
7) Deploy a targeted patch with extra logging and a fix; roll back if issues persist.
8) After resolution, add automated tests and improve observability (metrics, traces, alerts).","/* Example Spring Boot patterns: input validation, global handler, and WebClient timeout+retry */

// DTO with validation
public class CreateRequest {
  @NotNull
  private String id;
  @NotBlank
  private String name;
  // getters/setters
}

// Controller
@RestController
public class MyController {
  @PostMapping(""/items"")
  public ResponseEntity<?> create(@Valid @RequestBody CreateRequest req) {
    // defensive null-checks if needed
    Objects.requireNonNull(req.getId(), ""id is required"");
    // business logic
    return ResponseEntity.ok(...);
  }
}

// Global exception handler
@ControllerAdvice
public class GlobalExceptionHandler {
  @ExceptionHandler(MethodArgumentNotValidException.class)
  public ResponseEntity<?> handleValidation(MethodArgumentNotValidException ex) {
    return ResponseEntity.badRequest().body(""validation error: "" + ex.getMessage());
  }
  @ExceptionHandler(Exception.class)
  public ResponseEntity<?> handleGeneric(Exception ex) {
    // log exception and return 500
    return ResponseEntity.status(HttpStatus.INTERNAL_SERVER_ERROR).body(""internal error"");
  }
}

// WebClient config with timeout and simple retry (reactive)
@Bean
public WebClient webClient(WebClient.Builder builder) {
  return builder
    .clientConnector(new ReactorClientHttpConnector(HttpClient.create()
      .responseTimeout(Duration.ofSeconds(5))))
    .build();
}

// Use Resilience4j retry/circuitbreaker for remote calls
// (configure via annotations or decorators per docs)",0.25,2026-07-06T17:53:32.379Z,order-service
28,/posts/999999,GET,404,,CRITICAL,Request Validation,Upstream call failed with HTTP 404,"com.example.faillogger.exception.UpstreamApiException: Upstream call failed with HTTP 404
	at com.example.faillogger.service.FreeApiClient.handle(FreeApiClient.java:78)
	at com.example.faillogger.service.FreeApiClient.get(FreeApiClient.java:49)
	at com.example.faillogger.Main.callAndReport(Main.java:97)
	at com.example.faillogger.Main.main(Main.java:46)
",,,COMPLETED,2026-07-09T13:35:57.808Z,Unhandled exception in service processing due to invalid request payload.,Validate request payload before processing and ensure proper error handling.,if (isValidPayload(requestPayload)) { processRequest(requestPayload); } else { throw new InvalidPayloadException('Invalid request payload'); },85,2026-07-09T13:36:02.476Z,order-service
,,,,,,,,,,,PENDING,2026-07-13T10:40:17.963Z,,,,0,,
,,,,,,,,,,,PENDING,2026-07-13T10:46:44.888Z,,,,0,,
,,,,,,,,,,,COMPLETED,2026-07-13T11:32:08.507Z,,,,,2026-07-13T11:32:18.130Z,
,,,,,,,,,,,PENDING,2026-07-13T11:33:52.841Z,,,,0,,
,,,,,,,,,,,PENDING,2026-07-13T11:40:48.072Z,,,,0,,
,,,,,,,,,,,COMPLETED,2026-07-13T11:43:37.470Z,,,,,2026-07-13T11:43:44.039Z,
,,,,,,,,,,,COMPLETED,2026-07-13T11:50:33.181Z,,,,,2026-07-13T11:50:45.189Z,
,,,,,,,,,,,COMPLETED,2026-07-13T11:59:10.147Z,,,,,2026-07-13T11:59:17.988Z,
,,,,,,,,,,,COMPLETED,2026-07-13T11:59:22.033Z,,,,,2026-07-13T11:59:27.882Z,
,,,,,,,,,,,COMPLETED,2026-07-13T11:59:31.855Z,,,,,2026-07-13T11:59:42.241Z,
,,,,,,,,,,,COMPLETED,2026-07-13T11:59:41.906Z,,,,,2026-07-13T11:59:47.781Z,
,,,,,,,,,,,COMPLETED,2026-07-13T12:03:36.055Z,,,,,2026-07-13T12:03:48.422Z,
,,,,,,,,,,,COMPLETED,2026-07-13T12:03:48.484Z,,,,,2026-07-13T12:03:59.738Z,
,,,,,,,,,,,PENDING,2026-07-13T12:04:01.482Z,,,,0,,
,,,,,,,,,,,PENDING,2026-07-13T12:04:11.525Z,,,,0,,
,,,,,LOW,Logging Improvement,,,,,COMPLETED,2026-07-13T13:25:41.431Z,Insufficient information provided to determine root cause.,Enhance logging and error handling to capture more information around the endpoint's execution.,"app.post('/endpoint', (req, res) => {
    try {
        // Your existing logic here
    } catch (error) {
        console.error('Error processing request:', error);
        res.status(500).json({ message: 'Internal Server Error', details: error.message });
    }
});",0,2026-07-13T13:26:07.056Z,
,,,,,LOW,Functionality,,,,,COMPLETED,2026-07-13T13:25:53.331Z,Missing status code and details prevent accurate diagnosis.,Implement proper status codes and response details in the API endpoint.,"app.get('/api/endpoint', (req, res) => {
    // Logic to handle the request
    const result = {}; // Your logic here
    if (result.error) {
        return res.status(400).json({ error: result.error, details: 'Invalid request' });
    }
    return res.status(200).json({ data: result });
});",90,2026-07-13T13:26:17.208Z,
,,,,,,,,,,,PENDING,2026-07-13T13:26:06.348Z,,,,0,,
,,,,,LOW,Miscellaneous,,,,,COMPLETED,2026-07-13T13:26:16.485Z,Insufficient information provided to determine the true root cause of the failure.,Gather detailed logs and error messages to identify the affected component and root cause of the failure.,,0,2026-07-13T13:26:39.293Z,
,,,,,,,,,,,PENDING,2026-07-13T13:36:01.988Z,,,,0,,
,,,,,MEDIUM,Authentication,,,,,COMPLETED,2026-07-13T13:36:14.180Z,Possible misconfiguration in authentication service or invalid credentials being processed.,"Review and update configuration settings for the authentication service. Ensure that valid credentials are processed correctly, and implement error handling for invalid credentials.","const express = require('express');
const app = express();

app.use(express.json());

app.post('/login', async (req, res) => {
  const { username, password } = req.body;
  try {
    const user = await authenticateUser(username, password);
    if (!user) {
      return res.status(401).json({ message: 'Invalid credentials' });
    }
    res.json({ message: 'Login successful', user });
  } catch (error) {
    console.error('Authentication error:', error);
    res.status(500).json({ message: 'Internal server error' });
  }
});

async function authenticateUser(username, password) {
  // Perform authentication logic
  // Return user or null
}

app.listen(3000, () => {
  console.log('Authentication service running on port 3000');
});",90,2026-07-13T13:36:51.755Z,
562889526,/posts/999999,GET,,,CRITICAL,,,,,,PENDING,2026-07-13T17:10:15.424Z,,,,0,,
562889526,/posts/999999,GET,404,,CRITICAL,,,,,,PENDING,2026-07-13T17:24:02.401Z,,,,0,,
,/posts/999999,,,,MEDIUM,,,,,,PENDING,2026-07-15T12:42:58.617Z,,,,0,,
,/posts/999999,,,,MEDIUM,,,,,,PENDING,2026-07-15T12:45:44.501Z,,,,0,,
,/posts/999999,,,,MEDIUM,,,,,,PENDING,2026-07-15T12:46:40.674Z,,,,0,,
,/posts/999999,GET,,,HIGH,,,,,,PENDING,2026-07-15T13:15:01.892Z,,,,0,,
,/posts/999999,GET,,,HIGH,,,,,,PENDING,2026-07-15T13:15:32.138Z,,,,0,,
336819390,/500,POST,0,,,,HTTP connect timed out,"java.net.http.HttpConnectTimeoutException: HTTP connect timed out
	at java.net.http/jdk.internal.net.http.HttpClientImpl.send(HttpClientImpl.java:917)
	at java.net.http/jdk.internal.net.http.HttpClientFacade.send(HttpClientFacade.java:133)
	at com.example.faillogger.service.FreeApiClient.post(FreeApiClient.java:68)
	at com.example.faillogger.Main.callAndReport(Main.java:104)
	at com.example.faillogger.Main.main(Main.java:47)
Caused by: java.net.http.HttpConnectTimeoutException: HTTP connect timed out
	at java.net.http/jdk.internal.net.http.MultiExchange.toTimeoutException(MultiExchange.java:618)
	at java.net.http/jdk.internal.net.http.MultiExchange.getExceptionalCF(MultiExchange.java:561)
	at java.net.http/jdk.internal.net.http.MultiExchange.lambda$responseAsyncImpl$2(MultiExchange.java:480)
	at java.base/java.util.concurrent.CompletableFuture.uniHandle(CompletableFuture.java:955)
	at java.base/java.util.concurrent.CompletableFuture$UniHandle.tryFire(CompletableFuture.java:932)
	at java.base/java.util.concurrent.CompletableFuture.postComplete(CompletableFuture.java:531)
	at java.base/java.util.concurrent.CompletableFuture.completeExceptionally(CompletableFuture.java:2221)
	at java.net.http/jdk.internal.net.http.Exchange.checkCancelled(Exchange.java:306)
	at java.net.http/jdk.internal.net.http.Exchange.cancel(Exchange.java:265)
	at java.net.http/jdk.internal.net.http.MultiExchange.cancel(MultiExchange.java:259)
	at java.net.http/jdk.internal.net.http.PlainHttpConnection$ConnectTimerEvent.handle(PlainHttpConnection.java:102)
	at java.net.http/jdk.internal.net.http.HttpClientImpl.purgeTimeoutsAndReturnNextDeadline(HttpClientImpl.java:1751)
	at java.net.http/jdk.internal.net.http.HttpClientImpl$SelectorManager.run(HttpClientImpl.java:1348)
Caused by: java.net.ConnectException: HTTP connect timed out
	at java.net.http/jdk.internal.net.http.MultiExchange.toTimeoutException(MultiExchange.java:619)
	... 12 more
",,,PENDING,2026-07-20T12:02:31.399Z,,,,0,,
1533724718,/api/v1/charge,POST,0,,,,HTTP connect timed out,"java.net.http.HttpConnectTimeoutException: HTTP connect timed out
	at java.net.http/jdk.internal.net.http.HttpClientImpl.send(HttpClientImpl.java:917)
	at java.net.http/jdk.internal.net.http.HttpClientFacade.send(HttpClientFacade.java:133)
	at com.example.faillogger.service.FreeApiClient.post(FreeApiClient.java:68)
	at com.example.faillogger.Main.callAndReport(Main.java:104)
	at com.example.faillogger.Main.main(Main.java:56)
Caused by: java.net.http.HttpConnectTimeoutException: HTTP connect timed out
	at java.net.http/jdk.internal.net.http.MultiExchange.toTimeoutException(MultiExchange.java:618)
	at java.net.http/jdk.internal.net.http.MultiExchange.getExceptionalCF(MultiExchange.java:561)
	at java.net.http/jdk.internal.net.http.MultiExchange.lambda$responseAsyncImpl$2(MultiExchange.java:480)
	at java.base/java.util.concurrent.CompletableFuture.uniHandle(CompletableFuture.java:955)
	at java.base/java.util.concurrent.CompletableFuture$UniHandle.tryFire(CompletableFuture.java:932)
	at java.base/java.util.concurrent.CompletableFuture.postComplete(CompletableFuture.java:531)
	at java.base/java.util.concurrent.CompletableFuture.completeExceptionally(CompletableFuture.java:2221)
	at java.net.http/jdk.internal.net.http.Exchange.checkCancelled(Exchange.java:306)
	at java.net.http/jdk.internal.net.http.Exchange.cancel(Exchange.java:265)
	at java.net.http/jdk.internal.net.http.MultiExchange.cancel(MultiExchange.java:259)
	at java.net.http/jdk.internal.net.http.PlainHttpConnection$ConnectTimerEvent.handle(PlainHttpConnection.java:102)
	at java.net.http/jdk.internal.net.http.HttpClientImpl.purgeTimeoutsAndReturnNextDeadline(HttpClientImpl.java:1751)
	at java.net.http/jdk.internal.net.http.HttpClientImpl$SelectorManager.run(HttpClientImpl.java:1348)
Caused by: java.net.ConnectException: HTTP connect timed out
	at java.net.http/jdk.internal.net.http.MultiExchange.toTimeoutException(MultiExchange.java:619)
	... 12 more
",,,PENDING,2026-07-20T12:02:35.788Z,,,,0,,
1492186470,/posts/999999,GET,404,,CRITICAL,Performance,Upstream call failed with HTTP 404,"com.example.faillogger.exception.UpstreamApiException: Upstream call failed with HTTP 404
	at com.example.faillogger.service.FreeApiClient.handle(FreeApiClient.java:78)
	at com.example.faillogger.service.FreeApiClient.get(FreeApiClient.java:49)
	at com.example.faillogger.Main.callAndReport(Main.java:103)
	at com.example.faillogger.Main.main(Main.java:65)
",,,COMPLETED,2026-07-20T12:02:39.099Z,"The requested post with ID '999999' does not exist in the database, leading to a 404 status code.","Implement a check to verify if the post exists before attempting to retrieve it. If it does not exist, return a 404 response with a meaningful message.","app.get('/posts/:id', async (req, res) => { const postId = req.params.id; const post = await getPostById(postId); if (!post) { return res.status(404).json({ message: 'Post not found' }); } return res.json(post); });",95,2026-07-20T12:03:30.178Z,
1532737268,/api/v1/rates,GET,0,,,,,"java.net.ConnectException
	at java.net.http/jdk.internal.net.http.HttpClientImpl.send(HttpClientImpl.java:923)
	at java.net.http/jdk.internal.net.http.HttpClientFacade.send(HttpClientFacade.java:133)
	at com.example.faillogger.service.FreeApiClient.get(FreeApiClient.java:48)
	at com.example.faillogger.Main.callAndReport(Main.java:103)
	at com.example.faillogger.Main.main(Main.java:77)
Caused by: java.net.ConnectException
	at java.net.http/jdk.internal.net.http.common.Utils.toConnectException(Utils.java:1070)
	at java.net.http/jdk.internal.net.http.PlainHttpConnection.connectAsync(PlainHttpConnection.java:223)
	at java.net.http/jdk.internal.net.http.AsyncSSLConnection.connectAsync(AsyncSSLConnection.java:57)
	at java.net.http/jdk.internal.net.http.Http2Connection.createAsync(Http2Connection.java:537)
	at java.net.http/jdk.internal.net.http.Http2ClientImpl.getConnectionFor(Http2ClientImpl.java:140)
	at java.net.http/jdk.internal.net.http.ExchangeImpl.get(ExchangeImpl.java:108)
	at java.net.http/jdk.internal.net.http.Exchange.establishExchange(Exchange.java:367)
	at java.net.http/jdk.internal.net.http.Exchange.responseAsyncImpl(Exchange.java:573)
	at java.net.http/jdk.internal.net.http.Exchange.responseAsync(Exchange.java:396)
	at java.net.http/jdk.internal.net.http.MultiExchange.responseAsyncImpl(MultiExchange.java:438)
	at java.net.http/jdk.internal.net.http.MultiExchange.lambda$responseAsyncImpl$2(MultiExchange.java:482)
	at java.base/java.util.concurrent.CompletableFuture.uniHandle(CompletableFuture.java:955)
	at java.base/java.util.concurrent.CompletableFuture.uniHandleStage(CompletableFuture.java:971)
	at java.base/java.util.concurrent.CompletableFuture.handle(CompletableFuture.java:2399)
	at java.net.http/jdk.internal.net.http.MultiExchange.responseAsyncImpl(MultiExchange.java:472)
	at java.net.http/jdk.internal.net.http.MultiExchange.lambda$responseAsync0$0(MultiExchange.java:358)
	at java.base/java.util.concurrent.CompletableFuture$UniCompose.tryFire(CompletableFuture.java:1171)
	at java.base/java.util.concurrent.CompletableFuture.postComplete(CompletableFuture.java:531)
	at java.base/java.util.concurrent.CompletableFuture$AsyncSupply.run(CompletableFuture.java:1794)
	at java.net.http/jdk.internal.net.http.HttpClientImpl$DelegatingExecutor.execute(HttpClientImpl.java:168)
	at java.base/java.util.concurrent.CompletableFuture.completeAsync(CompletableFuture.java:2761)
	at java.net.http/jdk.internal.net.http.MultiExchange.responseAsync(MultiExchange.java:311)
	at java.net.http/jdk.internal.net.http.HttpClientImpl.sendAsync(HttpClientImpl.java:1015)
	at java.net.http/jdk.internal.net.http.HttpClientImpl.send(HttpClientImpl.java:901)
	... 4 more
Caused by: java.nio.channels.UnresolvedAddressException
	at java.base/sun.nio.ch.Net.checkAddress(Net.java:144)
	at java.base/sun.nio.ch.Net.checkAddress(Net.java:152)
	at java.base/sun.nio.ch.SocketChannelImpl.checkRemote(SocketChannelImpl.java:918)
	at java.base/sun.nio.ch.SocketChannelImpl.connect(SocketChannelImpl.java:936)
	at java.net.http/jdk.internal.net.http.PlainHttpConnection.connectAsync(PlainHttpConnection.java:211)
	... 26 more
",,,PENDING,2026-07-20T12:02:42.140Z,,,,0,,
23096,/500,POST,0,,CRITICAL,,,,,,PENDING,2026-07-22T07:27:20.340Z,,,,0,,
742552,/api/v1/charge,POST,0,,CRITICAL,AUTHENTICATION,HTTP connect timed out,"java.net.http.HttpConnectTimeoutException: HTTP connect timed out
	at java.net.http/jdk.internal.net.http.HttpClientImpl.send(HttpClientImpl.java:917)
	at java.net.http/jdk.internal.net.http.HttpClientFacade.send(HttpClientFacade.java:133)
	at com.example.faillogger.service.FreeApiClient.post(FreeApiClient.java:68)
	at com.example.faillogger.Main.callAndReport(Main.java:106)
	at com.example.faillogger.Main.main(Main.java:71)
Caused by: java.net.http.HttpConnectTimeoutException: HTTP connect timed out
	at java.net.http/jdk.internal.net.http.MultiExchange.toTimeoutException(MultiExchange.java:618)
	at java.net.http/jdk.internal.net.http.MultiExchange.getExceptionalCF(MultiExchange.java:561)
	at java.net.http/jdk.internal.net.http.MultiExchange.lambda$responseAsyncImpl$2(MultiExchange.java:480)
	at java.base/java.util.concurrent.CompletableFuture.uniHandle(CompletableFuture.java:955)
	at java.base/java.util.concurrent.CompletableFuture$UniHandle.tryFire(CompletableFuture.java:932)
	at java.base/java.util.concurrent.CompletableFuture.postComplete(CompletableFuture.java:531)
	at java.base/java.util.concurrent.CompletableFuture.completeExceptionally(CompletableFuture.java:2221)
	at java.net.http/jdk.internal.net.http.Exchange.checkCancelled(Exchange.java:306)
	at java.net.http/jdk.internal.net.http.Exchange.cancel(Exchange.java:265)
	at java.net.http/jdk.internal.net.http.MultiExchange.cancel(MultiExchange.java:259)
	at java.net.http/jdk.internal.net.http.PlainHttpConnection$ConnectTimerEvent.handle(PlainHttpConnection.java:102)
	at java.net.http/jdk.internal.net.http.HttpClientImpl.purgeTimeoutsAndReturnNextDeadline(HttpClientImpl.java:1751)
	at java.net.http/jdk.internal.net.http.HttpClientImpl$SelectorManager.run(HttpClientImpl.java:1348)
Caused by: java.net.ConnectException: HTTP connect timed out
	at java.net.http/jdk.internal.net.http.MultiExchange.toTimeoutException(MultiExchange.java:619)
	... 12 more
",,,COMPLETED,2026-07-22T07:27:25.633Z,"Network connectivity issue or server is unreachable, causing the status code to be 0.",Implement retry logic with error handling for network connectivity issues.,"const axios = require('axios');

async function chargePayment(data) {
    const maxRetries = 3;
    for (let attempt = 0; attempt < maxRetries; attempt++) {
        try {
            const response = await axios.post('/api/v1/charge', data);
            return response.data;
        } catch (error) {
            if (attempt === maxRetries - 1) {
                throw new Error('Charge payment failed after multiple attempts');
            }
            console.log(`Attempt ${attempt + 1} failed: ${error.message}. Retrying...`);
        }
    }
}",85,2026-07-22T07:27:51.118Z,
77905,/posts/999999,GET,404,0,HIGH,General Error,Upstream call failed with HTTP 404,"com.example.faillogger.exception.UpstreamApiException: Upstream call failed with HTTP 404
	at com.example.faillogger.service.FreeApiClient.handle(FreeApiClient.java:78)
	at com.example.faillogger.service.FreeApiClient.get(FreeApiClient.java:49)
	at com.example.faillogger.Main.callAndReport(Main.java:105)
	at com.example.faillogger.Main.main(Main.java:51)
",,,COMPLETED,,The requested resource with ID 999999 does not exist.,Implement a 404 Not Found response for non-existent post IDs.,"app.get('/posts/:id', (req, res) => {
    const postId = req.params.id;
    const post = postsDatabase.find(post => post.id === postId);
    if (!post) {
        return res.status(404).json({ error: 'Post not found' });
    }
    res.json(post);
});",95,2026-07-22T08:37:56.350Z,
768078,/500,POST,0,0,CRITICAL,,,,,,,,,,,0,,
620354,/api/v1/charge,POST,0,0,CRITICAL,Operational,HTTP connect timed out,"java.net.http.HttpConnectTimeoutException: HTTP connect timed out
	at java.net.http/jdk.internal.net.http.HttpClientImpl.send(HttpClientImpl.java:917)
	at java.net.http/jdk.internal.net.http.HttpClientFacade.send(HttpClientFacade.java:133)
	at com.example.faillogger.service.FreeApiClient.post(FreeApiClient.java:68)
	at com.example.faillogger.Main.callAndReport(Main.java:106)
	at com.example.faillogger.Main.main(Main.java:71)
Caused by: java.net.http.HttpConnectTimeoutException: HTTP connect timed out
	at java.net.http/jdk.internal.net.http.MultiExchange.toTimeoutException(MultiExchange.java:618)
	at java.net.http/jdk.internal.net.http.MultiExchange.getExceptionalCF(MultiExchange.java:561)
	at java.net.http/jdk.internal.net.http.MultiExchange.lambda$responseAsyncImpl$2(MultiExchange.java:480)
	at java.base/java.util.concurrent.CompletableFuture.uniHandle(CompletableFuture.java:955)
	at java.base/java.util.concurrent.CompletableFuture$UniHandle.tryFire(CompletableFuture.java:932)
	at java.base/java.util.concurrent.CompletableFuture.postComplete(CompletableFuture.java:531)
	at java.base/java.util.concurrent.CompletableFuture.completeExceptionally(CompletableFuture.java:2221)
	at java.net.http/jdk.internal.net.http.Exchange.checkCancelled(Exchange.java:306)
	at java.net.http/jdk.internal.net.http.Exchange.cancel(Exchange.java:265)
	at java.net.http/jdk.internal.net.http.MultiExchange.cancel(MultiExchange.java:259)
	at java.net.http/jdk.internal.net.http.PlainHttpConnection$ConnectTimerEvent.handle(PlainHttpConnection.java:102)
	at java.net.http/jdk.internal.net.http.HttpClientImpl.purgeTimeoutsAndReturnNextDeadline(HttpClientImpl.java:1751)
	at java.net.http/jdk.internal.net.http.HttpClientImpl$SelectorManager.run(HttpClientImpl.java:1348)
Caused by: java.net.ConnectException: HTTP connect timed out
	at java.net.http/jdk.internal.net.http.MultiExchange.toTimeoutException(MultiExchange.java:619)
	... 12 more
",,,COMPLETED,,Network connectivity issue leading to the inability to reach the API endpoint.,Implement a retry mechanism with exponential backoff for the API call to handle transient network issues.,"async function charge() {
  const maxRetries = 5;
  const delay = ms => new Promise(resolve => setTimeout(resolve, ms));
  for (let attempt = 0; attempt < maxRetries; attempt++) {
    try {
      const response = await fetch('/api/v1/charge', { method: 'POST', body: JSON.stringify(data), headers: { 'Content-Type': 'application/json' }});
      if (!response.ok) throw new Error('Network response was not ok');
      return await response.json();
    } catch (error) {
      if (attempt < maxRetries - 1) {
        await delay(Math.pow(2, attempt) * 1000);
      } else {
        throw error;
      }
    }
  }
}",85,2026-07-22T08:38:12.368Z,
136632,/api/v1/rates,GET,0,0,CRITICAL,,,,,,,,,,,0,,
921990,/posts/999999,GET,404,0,HIGH,,,,,,,,,,,0,,
84173,/500,POST,0,0,CRITICAL,,,,,,,,,,,0,,
576012,/api/v1/charge,POST,0,0,CRITICAL,,,,,,,,,,,0,,
892952,/api/v1/rates,GET,0,0,CRITICAL,,,,,,,,,,,0,,
547346,/posts/999999,GET,404,0,HIGH,SERVICE_UNAVAILABLE,Upstream call failed with HTTP 404,"com.example.faillogger.exception.UpstreamApiException: Upstream call failed with HTTP 404
	at com.example.faillogger.service.FreeApiClient.handle(FreeApiClient.java:78)
	at com.example.faillogger.service.FreeApiClient.get(FreeApiClient.java:49)
	at com.example.faillogger.Main.callAndReport(Main.java:105)
	at com.example.faillogger.Main.main(Main.java:51)
",,,COMPLETED,,"The requested resource with ID 999999 does not exist in the database, leading to a 404 Not Found response.","Implement a check for resource existence before attempting to retrieve it. If the resource does not exist, return a more informative error message.","app.get('/posts/:id', async (req, res) => { const postId = req.params.id; const post = await db.findPostById(postId); if (!post) { return res.status(404).json({ error: 'Post not found', requestId: postId }); } return res.status(200).json(post); });",90,2026-07-22T09:26:49.228Z,
251383,/500,POST,0,0,CRITICAL,,,,,,,,,,,0,,
249597,/api/v1/charge,POST,0,0,CRITICAL,Performance,HTTP connect timed out,"java.net.http.HttpConnectTimeoutException: HTTP connect timed out
	at java.net.http/jdk.internal.net.http.HttpClientImpl.send(HttpClientImpl.java:917)
	at java.net.http/jdk.internal.net.http.HttpClientFacade.send(HttpClientFacade.java:133)
	at com.example.faillogger.service.FreeApiClient.post(FreeApiClient.java:68)
	at com.example.faillogger.Main.callAndReport(Main.java:106)
	at com.example.faillogger.Main.main(Main.java:71)
Caused by: java.net.http.HttpConnectTimeoutException: HTTP connect timed out
	at java.net.http/jdk.internal.net.http.MultiExchange.toTimeoutException(MultiExchange.java:618)
	at java.net.http/jdk.internal.net.http.MultiExchange.getExceptionalCF(MultiExchange.java:561)
	at java.net.http/jdk.internal.net.http.MultiExchange.lambda$responseAsyncImpl$2(MultiExchange.java:480)
	at java.base/java.util.concurrent.CompletableFuture.uniHandle(CompletableFuture.java:955)
	at java.base/java.util.concurrent.CompletableFuture$UniHandle.tryFire(CompletableFuture.java:932)
	at java.base/java.util.concurrent.CompletableFuture.postComplete(CompletableFuture.java:531)
	at java.base/java.util.concurrent.CompletableFuture.completeExceptionally(CompletableFuture.java:2221)
	at java.net.http/jdk.internal.net.http.Exchange.checkCancelled(Exchange.java:306)
	at java.net.http/jdk.internal.net.http.Exchange.cancel(Exchange.java:265)
	at java.net.http/jdk.internal.net.http.MultiExchange.cancel(MultiExchange.java:259)
	at java.net.http/jdk.internal.net.http.PlainHttpConnection$ConnectTimerEvent.handle(PlainHttpConnection.java:102)
	at java.net.http/jdk.internal.net.http.HttpClientImpl.purgeTimeoutsAndReturnNextDeadline(HttpClientImpl.java:1751)
	at java.net.http/jdk.internal.net.http.HttpClientImpl$SelectorManager.run(HttpClientImpl.java:1348)
Caused by: java.net.ConnectException: HTTP connect timed out
	at java.net.http/jdk.internal.net.http.MultiExchange.toTimeoutException(MultiExchange.java:619)
	... 12 more
",,,COMPLETED,,"Network connectivity issue or timeout causing the API to fail to respond, resulting in a status code of 0.",Implement retry logic with exponential backoff for the API call to handle transient network issues.,"const axios = require('axios');

async function charge() {
  const maxRetries = 5;
  const baseDelay = 1000;
  for (let attempt = 0; attempt < maxRetries; attempt++) {
    try {
      const response = await axios.post('/api/v1/charge');
      return response.data;
    } catch (error) {
      if (attempt < maxRetries - 1) {
        const delay = baseDelay * Math.pow(2, attempt);
        await new Promise(res => setTimeout(res, delay));
      } else {
        throw new Error('Max retries reached');
      }
    }
  }
}",90,2026-07-22T09:27:06.644Z,
234511,/api/v1/rates,GET,0,0,CRITICAL,,,,,,,,,,,0,,